TF_name,cell_line,TF_cell_line,odds_ratio,p_value,overlap_bp_NFR,overlap_bp_NDR,qvalues
ATF2,H1,ATF2_H1,0.564551125265423,1,2468,324,1
ATF2,HepG2,ATF2_HepG2,0.904117764801502,0.999999909504229,9137,3847,1
ATF2,K562,ATF2_K562,0.927529085269892,0.999984828743128,5059,7667,1
ATF3,H1,ATF3_H1,0.315011683766832,1,374,88,1
ATF3,HepG2,ATF3_HepG2,0.269493038429483,1,999,1411,1
ATF3,K562,ATF3_K562,0.701163353555817,1,3279,6573,1
ATF4,HepG2,ATF4_HepG2,0.60383436750822,0.999999998446266,368,232,1
ATF4,K562,ATF4_K562,1.14559042087991,6.51240390134126e-11,4094,5024,6.09374936482646e-10
ATF6,HepG2,ATF6_HepG2,0.175695722809868,1,102,221,1
ATF6,K562,ATF6_K562,0.0571057846163792,1,26,640,1
ATF7,HepG2,ATF7_HepG2,0.712263918077271,1,7006,3744,1
ATF7,K562,ATF7_K562,0.516706864663848,1,2492,6778,1
ATF7,MCF-7,ATF7_MCF-7,0.442188255313762,1,11335,1906,1
BACH1,H1,BACH1_H1,0.596310413289927,1,2639,328,1
BACH1,K562,BACH1_K562,0.561434712032351,1,2573,6441,1
BCL6,HepG2,BCL6_HepG2,1.32493678126621,1.20722152041506e-28,6581,1891,1.58146019174373e-27
BCL6,K562,BCL6_K562,0.991552821748121,0.550538486882783,79,112,1
BHLHE40,HepG2,BHLHE40_HepG2,0.471410968167675,1,3821,3085,1
BHLHE40,K562,BHLHE40_K562,0.487569504569372,1,2068,5961,1
CEBPA,HepG2,CEBPA_HepG2,1.41187901017894,2.56625590654899e-77,12834,3461,5.04269285636877e-76
CEBPB,H1,CEBPB_H1,0.670269647112719,0.999999925726527,1890,209,1
CEBPB,HepG2,CEBPB_HepG2,0.953585301970147,0.980310186687445,6548,2614,1
CEBPB,K562,CEBPB_K562,1.00001902615272,0.503800087351648,3532,4965,1
CEBPB,MCF-7,CEBPB_MCF-7,0.626079359373722,1,8503,1010,1
CEBPD,HepG2,CEBPD_HepG2,1.02704913569466,0.166349684577057,5010,1857,0.895553781353197
CEBPG,HepG2,CEBPG_HepG2,0.996130354119807,0.565180977377966,5359,2048,1
CEBPG,K562,CEBPG_K562,0.817684740659531,0.999999999998606,1869,3213,1
CEBPG,MCF-7,CEBPG_MCF-7,0.719334993706932,0.999999999999867,5697,589,1
CLOCK,K562,CLOCK_K562,1.02236080951001,0.472288323094913,72,99,1
CLOCK,MCF-7,CLOCK_MCF-7,0.33454966993799,1,1480,329,1
CREB1,H1,CREB1_H1,0.271321511145325,1,1992,544,1
CREB1,HepG2,CREB1_HepG2,0.550021648580198,1,5597,3873,1
CREB1,K562,CREB1_K562,0.486728402695992,1,1185,3422,1
CREB1,MCF-7,CREB1_MCF-7,0.380093582490678,1,12638,2472,1
CREB3,HepG2,CREB3_HepG2,0.124348407915554,1,196,600,1
CREB3,K562,CREB3_K562,0.648793300130438,0.999999999988405,330,715,1
CREB3L1,K562,CREB3L1_K562,0.288715178949852,1,539,2624,1
CREM,HepG2,CREM_HepG2,0.223835260070991,1,2384,4053,1
CREM,K562,CREM_K562,0.32542115172678,1,2413,10418,1
CTCF,H1,CTCF_H1,0.43744230919855,1,28978,4897,1
CTCF,HepG2,CTCF_HepG2,0.219274732038937,1,31931,55149,1
CTCF,K562,CTCF_K562,0.15391698917336,1,9937,90225,1
CTCF,MCF-7,CTCF_MCF-7,0.258652951521102,1,97567,27918,1
CTCFL,K562,CTCFL_K562,0.119336453288266,1,909,10700,1
CUX1,K562,CUX1_K562,1.18676709806476,0.0116351121382567,336,398,0.0692818040959831
CUX1,MCF-7,CUX1_MCF-7,0.698032163441762,0.999978119848018,1436,153,1
DBP,HepG2,DBP_HepG2,0.69108328156048,0.992536481935558,118,65,1
DLX6,HepG2,DLX6_HepG2,0.638369677005839,0.999999528637407,327,195,1
E2F1,HepG2,E2F1_HepG2,0.0823119665496389,1,205,948,1
E2F1,K562,E2F1_K562,0.155933587658954,1,297,2677,1
E2F1,MCF-7,E2F1_MCF-7,0.227103336609635,1,2880,943,1
E2F2,HepG2,E2F2_HepG2,0.0954319776055691,1,90,359,1
E2F3,K562,E2F3_K562,0.285219487616067,1,56,276,1
E2F4,HepG2,E2F4_HepG2,0.111299326052431,1,455,1556,1
E2F4,K562,E2F4_K562,0.020955849200852,1,13,872,1
E2F4,MCF-7,E2F4_MCF-7,0.0119362334496998,1,13,81,1
E2F6,H1,E2F6_H1,0.409784577493182,1,23748,4285,1
E2F6,K562,E2F6_K562,0.111840881723421,1,2797,35072,1
E2F7,K562,E2F7_K562,0.11904846053455,1,52,614,1
E2F8,K562,E2F8_K562,0.191768986338613,1,188,1378,1
E2F8,MCF-7,E2F8_MCF-7,0.0472746950190506,1,82,129,1
EGR1,H1,EGR1_H1,0.255228247041987,1,10643,3084,1
EGR1,HepG2,EGR1_HepG2,0.150369057268293,1,20639,51974,1
EGR1,K562,EGR1_K562,0.187822129732067,1,13922,103527,1
EGR1,MCF-7,EGR1_MCF-7,0.107689356697513,1,7407,5110,1
ELF1,HepG2,ELF1_HepG2,0.380860706087067,1,9425,9414,1
ELF1,K562,ELF1_K562,0.437678038449456,1,5763,18495,1
ELF1,MCF-7,ELF1_MCF-7,0.176844210138709,1,11667,4902,1
ELF2,K562,ELF2_K562,0.0873373844493286,1,276,4441,1
ELF3,HepG2,ELF3_HepG2,0.554047296119052,1,11740,8063,1
ELF4,HepG2,ELF4_HepG2,0.101130805842715,1,743,2796,1
ELF4,K562,ELF4_K562,0.294121910667509,1,1542,7367,1
ELK1,HepG2,ELK1_HepG2,0.0443035935158162,1,198,1701,1
ELK1,K562,ELK1_K562,0.0274086700178964,1,54,2769,1
ELK1,MCF-7,ELK1_MCF-7,0.0156518259324907,1,332,1577,1
ELK3,K562,ELK3_K562,0.468581442835233,0.987696580082571,9,27,1
ELK4,HepG2,ELK4_HepG2,0.0143374193259759,1,20,531,1
ERF,HepG2,ERF_HepG2,0.168727357617281,1,1060,2391,1
ERF,K562,ERF_K562,0.191681645043569,1,126,924,1
ESR1,MCF-7,ESR1_MCF-7,0.526424237118737,1,15080,2130,1
ESRRA,HepG2,ESRRA_HepG2,1.38296933129094,1.05719569957564e-33,6041,1663,1.48384967833295e-32
ESRRA,K562,ESRRA_K562,0.786085272440486,1,2766,4946,1
ESRRA,MCF-7,ESRRA_MCF-7,0.485011334115933,1,5635,864,1
ESRRB,K562,ESRRB_K562,1.40574631174099,0.292553370648915,10,10,1
ETS1,HepG2,ETS1_HepG2,0.107800076240327,1,356,1257,1
ETS1,K562,ETS1_K562,0.100417943738255,1,236,3303,1
ETS2,K562,ETS2_K562,0.173309531840381,1,18,146,1
ETV1,K562,ETV1_K562,0.612409812792164,1,4261,9778,1
ETV4,HepG2,ETV4_HepG2,0.643109011548717,1,5040,2983,1
ETV5,HepG2,ETV5_HepG2,0.180735983478457,1,2356,4960,1
ETV5,K562,ETV5_K562,0.169139996944047,1,826,6862,1
ETV6,HepG2,ETV6_HepG2,0.0917184835739298,1,367,1523,1
ETV6,K562,ETV6_K562,0.480637057101774,1,570,1667,1
FOS,K562,FOS_K562,0.169882917488255,1,425,3516,1
FOS,MCF-7,FOS_MCF-7,0.365613009049962,1,36753,7468,1
FOSL1,H1,FOSL1_H1,0.0296482186227984,1,24,60,1
FOSL1,HepG2,FOSL1_HepG2,0.211031601167057,1,2155,3886,1
FOSL1,K562,FOSL1_K562,0.484527397246485,1,8479,24576,1
FOSL2,HepG2,FOSL2_HepG2,0.395964125898584,1,11508,11055,1
FOSL2,MCF-7,FOSL2_MCF-7,0.204932617090412,1,12272,4450,1
FOXA1,HepG2,FOXA1_HepG2,1.94582128038412,0,18225,3567,0
FOXA1,K562,FOXA1_K562,1.1132766966189,0.208902963697359,118,149,1
FOXA1,MCF-7,FOXA1_MCF-7,1.70067135863784,2.87245050197935e-82,26406,1155,5.94143709093623e-81
FOXA2,HepG2,FOXA2_HepG2,1.72104003899983,1.70659825766447e-236,18082,4001,7.45214572513485e-235
FOXA3,HepG2,FOXA3_HepG2,1.65127496215633,8.5857475236433e-118,10209,2354,2.81183231399318e-116
FOXA3,K562,FOXA3_K562,1.28547565449289,2.62862981054404e-10,1186,1297,2.34784435350865e-09
FOXK1,HepG2,FOXK1_HepG2,1.27587534890995,1.41191081838377e-13,3767,1124,1.54133597673562e-12
FOXK2,HepG2,FOXK2_HepG2,0.969831485513917,0.750843805754554,1605,630,1
FOXK2,K562,FOXK2_K562,0.91714933347269,0.998477013227696,1911,2929,1
FOXK2,MCF-7,FOXK2_MCF-7,0.148746035616055,0.999999999752587,40,20,1
FOXO4,K562,FOXO4_K562,1.40574666149749,0.194995781199092,18,18,1
FOXP1,HepG2,FOXP1_HepG2,1.80111005327696,9.57572871858885e-116,7654,1618,2.89481645108109e-114
GABPA,H1,GABPA_H1,0.0971286155588261,1,784,598,1
GABPA,HepG2,GABPA_HepG2,0.432729726812423,1,8086,7110,1
GABPA,K562,GABPA_K562,0.49277683725487,1,5681,16196,1
GABPA,MCF-7,GABPA_MCF-7,0.104245431406263,1,3868,2758,1
GATA1,K562,GATA1_K562,4.11668306143746,5.21296360183622e-220,1669,570,2.04869469552163e-218
GATA2,HepG2,GATA2_HepG2,1.76590258619975,1.38777169887389e-56,3887,838,2.37127946807582e-55
GATA2,K562,GATA2_K562,3.34296968866599,0,5598,2355,0
GATA3,MCF-7,GATA3_MCF-7,0.969909348613959,0.764691616825581,7290,559,1
GATA4,HepG2,GATA4_HepG2,1.89149026659601,5.03415253329223e-26,1421,286,6.18256857994952e-25
GFI1,HepG2,GFI1_HepG2,1.2504799379641,5.1962098604547e-13,4211,1282,5.51921750042891e-12
GMEB2,HepG2,GMEB2_HepG2,0.0861059370959511,1,19,84,1
HES1,K562,HES1_K562,0.28721731351769,1,283,1385,1
HES1,MCF-7,HES1_MCF-7,0.0956814886514763,1,220,171,1
HEY1,K562,HEY1_K562,0.712771441940381,0.962128211760888,36,71,1
HINFP,HepG2,HINFP_HepG2,0.0815692203798464,1,815,3802,1
HINFP,K562,HINFP_K562,0.146397379109456,1,143,1373,1
HLF,HepG2,HLF_HepG2,1.14106560228546,2.78384476833079e-17,15798,5271,3.12585998272572e-16
HMBOX1,K562,HMBOX1_K562,1.29378552722897,2.28051876562584e-08,878,954,1.79248774978191e-07
HNF1A,HepG2,HNF1A_HepG2,2.69289442918046,0,11979,1694,0
HNF1B,HepG2,HNF1B_HepG2,1.9787958759161,2.47771204822101e-88,4553,876,5.72788726441681e-87
HNF4A,HepG2,HNF4A_HepG2,3.11993029792799,0,25681,3136,0
HNF4G,HepG2,HNF4G_HepG2,2.69830337964689,0,13795,1947,0
HOXA5,HepG2,HOXA5_HepG2,0.611625425103389,0.999998555166559,241,150,1
HSF1,MCF-7,HSF1_MCF-7,0.192602113623103,1,404,156,1
HSF2,HepG2,HSF2_HepG2,0.987342905922836,0.638153755594892,2438,940,1
IKZF1,HepG2,IKZF1_HepG2,3.04546730584683,6.0132392486475e-05,88,11,0.000414597021880433
IKZF1,K562,IKZF1_K562,1.1088449585469,8.1121571766954e-13,8422,10678,8.38967834326656e-12
IRF1,HepG2,IRF1_HepG2,0.482942896445131,1,1086,856,1
IRF1,K562,IRF1_K562,1.07065980514708,1.64109106870425e-05,6568,8624,0.000119434961111254
IRF2,HepG2,IRF2_HepG2,0.442188342035532,1,2270,1954,1
IRF2,K562,IRF2_K562,0.533278677246599,1,854,2251,1
IRF5,HepG2,IRF5_HepG2,0.333088772650635,1,273,312,1
IRF9,K562,IRF9_K562,1.47975731274823,1.32445757721741e-09,480,456,1.10747197414137e-08
ISL2,HepG2,ISL2_HepG2,1.18121825165704,0.0123086061139084,754,243,0.0721982418323284
ISX,HepG2,ISX_HepG2,0.63447005851673,0.961767898793735,35,21,1
JUN,H1,JUN_H1,0.241839710630339,1,744,228,1
JUN,HepG2,JUN_HepG2,0.620599844036253,1,4319,2649,1
JUN,K562,JUN_K562,0.476459313149828,1,1358,4006,1
JUN,MCF-7,JUN_MCF-7,0.142336880797928,1,645,337,1
JUNB,K562,JUNB_K562,0.314227521179043,1,2518,11258,1
JUND,H1,JUND_H1,0.6055531211819,1,3636,445,1
JUND,HepG2,JUND_HepG2,0.312187843602346,1,9158,11157,1
JUND,K562,JUND_K562,0.431117999898385,1,5853,19069,1
JUND,MCF-7,JUND_MCF-7,0.147534394699454,1,4787,2412,1
KLF10,K562,KLF10_K562,1.05089782364933,0.398272079962051,77,103,1
KLF11,HepG2,KLF11_HepG2,0.114124854984483,1,1344,4481,1
KLF13,HepG2,KLF13_HepG2,0.151014173970534,1,315,794,1
KLF13,K562,KLF13_K562,0.224325328409746,1,630,3947,1
KLF16,HepG2,KLF16_HepG2,0.162761220424808,1,6507,15196,1
KLF16,K562,KLF16_K562,0.346917184358164,1,1534,6214,1
KLF4,MCF-7,KLF4_MCF-7,0.168862882878771,1,12608,5547,1
KLF6,HepG2,KLF6_HepG2,0.118214191419368,1,2129,6851,1
KLF6,K562,KLF6_K562,0.225431365327393,1,221,1378,1
KLF9,HepG2,KLF9_HepG2,0.134377885476666,1,2559,7244,1
KLF9,MCF-7,KLF9_MCF-7,0.0813181686791664,1,22846,20801,1
LBX2,HepG2,LBX2_HepG2,0.076136097406592,1,9,45,1
LEF1,K562,LEF1_K562,1.89751416478939,8.11714073171856e-84,2119,1570,1.77224239309189e-82
MAFF,HepG2,MAFF_HepG2,0.885382464211702,0.9999998683067,6017,2587,1
MAFF,K562,MAFF_K562,0.929532584300211,0.995361813500517,2075,3138,1
MAFG,HepG2,MAFG_HepG2,0.61362203267897,1,864,536,1
MAFG,K562,MAFG_K562,1.01158398479144,0.291292371608681,4060,5642,1
MAFK,H1,MAFK_H1,0.809587587183091,0.999596216523493,3102,284,1
MAFK,HepG2,MAFK_HepG2,0.578009994220932,1,7261,4781,1
MAFK,K562,MAFK_K562,0.578737687108841,1,3626,8805,1
MAFK,MCF-7,MAFK_MCF-7,0.402938522870626,1,5153,951,1
MAX,H1,MAX_H1,0.529641874723907,1,6791,950,1
MAX,HepG2,MAX_HepG2,0.661254629537814,1,8388,4828,1
MAX,K562,MAX_K562,0.539215888751682,1,3646,9502,1
MAX,MCF-7,MAX_MCF-7,0.149447618298121,1,4119,2049,1
MAZ,HepG2,MAZ_HepG2,0.128066386386204,1,11876,35172,1
MAZ,K562,MAZ_K562,0.138788375969117,1,7565,76238,1
MAZ,MCF-7,MAZ_MCF-7,0.0639828748307806,1,6986,8106,1
MEF2A,HepG2,MEF2A_HepG2,1.18528527520135,0.000431807032169514,1563,502,0.00278196989578064
MEF2A,K562,MEF2A_K562,1.74012526074264,7.41286444101044e-38,1192,963,1.12048297127581e-36
MEF2D,HepG2,MEF2D_HepG2,1.17777124205707,1.99104541391173e-05,2540,821,0.00014226924503042
MEF2D,K562,MEF2D_K562,1.51108115853489,5.5585668813291e-23,1177,1095,6.61974783140102e-22
MEIS1,HepG2,MEIS1_HepG2,0.523055991143319,0.999999999999994,349,254,1
MEIS2,HepG2,MEIS2_HepG2,0.74213205138512,0.999999999953176,1429,733,1
MEIS2,K562,MEIS2_K562,1.07706008769747,0.00917201242147068,1812,2365,0.0554553981790458
MGA,K562,MGA_K562,0.827513125019072,0.999999739644373,1092,1855,1
MITF,K562,MITF_K562,0.838669203793393,1,9002,15086,1
MIXL1,HepG2,MIXL1_HepG2,0.908874426578243,0.96222469909914,1146,480,1
MLX,HepG2,MLX_HepG2,0.376275991348617,1,1205,1219,1
MNT,HepG2,MNT_HepG2,0.555933272591845,1,4094,2803,1
MNT,K562,MNT_K562,0.478018083589053,1,2775,8158,1
MNT,MCF-7,MNT_MCF-7,0.261254305278223,1,5991,1705,1
MNX1,HepG2,MNX1_HepG2,0.772945914512321,0.999298852043474,467,230,1
MSX2,MCF-7,MSX2_MCF-7,0.35699002552962,0.999999806781298,168,35,1
MTF1,HepG2,MTF1_HepG2,0.319600588211324,1,314,374,1
MXI1,H1,MXI1_H1,0.317062527737776,1,539,126,1
MXI1,HepG2,MXI1_HepG2,0.488972197626124,1,921,717,1
MXI1,K562,MXI1_K562,0.756405597584377,0.999985722635843,332,617,1
MYBL2,HepG2,MYBL2_HepG2,0.483854658817512,1,694,546,1
MYBL2,K562,MYBL2_K562,0.77832023376325,0.980786482172705,98,177,1
MYC,H1,MYC_H1,0.347168194723182,1,2216,473,1
MYC,HepG2,MYC_HepG2,0.302961602146643,1,4642,5830,1
MYC,K562,MYC_K562,0.28878972800924,1,2552,12414,1
MYC,MCF-7,MYC_MCF-7,0.157770500665075,1,9189,4328,1
NEUROD1,K562,NEUROD1_K562,0.31308124987566,1,339,1522,1
NEUROD1,MCF-7,NEUROD1_MCF-7,1.04232084731908,0.40050084043492,953,68,1
NFATC3,HepG2,NFATC3_HepG2,0.417411570788719,0.999999999987667,125,114,1
NFATC3,K562,NFATC3_K562,1.24322134112634,9.44758879394193e-05,566,640,0.000640155585520548
NFE2,HepG2,NFE2_HepG2,0.369989009660213,1,381,392,1
NFE2,K562,NFE2_K562,0.44327727483153,1,2586,8198,1
NFE2L1,HepG2,NFE2L1_HepG2,0.214834422615028,1,171,303,1
NFE2L1,K562,NFE2L1_K562,0.461296031864261,1,1000,3047,1
NFE2L2,HepG2,NFE2L2_HepG2,0.4619933750073,1,1278,1053,1
NFIA,HepG2,NFIA_HepG2,1.27287877914862,2.10256680789649e-08,2170,649,1.68634439898637e-07
NFIB,HepG2,NFIB_HepG2,0.622467834250765,1,1542,943,1
NFIB,MCF-7,NFIB_MCF-7,0.446225687734263,1,45277,7539,1
NFIC,HepG2,NFIC_HepG2,1.27543664403346,3.45618000808801e-06,1444,431,2.56279008146903e-05
NFIC,K562,NFIC_K562,0.735537845309583,1,1664,3180,1
NFIL3,HepG2,NFIL3_HepG2,1.09308666895707,0.000209592841973841,6047,2106,0.00139610147280881
NFIX,K562,NFIX_K562,0.937163266376311,0.710700587040035,96,144,1
NFKB2,HepG2,NFKB2_HepG2,0.267731614305411,1,1499,2131,1
NFYA,HepG2,NFYA_HepG2,0.230293658741798,1,2049,3386,1
NFYA,K562,NFYA_K562,0.318033074073186,1,658,2908,1
NFYB,HepG2,NFYB_HepG2,0.175259080103992,1,2233,4848,1
NFYB,K562,NFYB_K562,0.387129367676673,1,1520,5518,1
NFYC,HepG2,NFYC_HepG2,0.321194387004478,1,3116,3692,1
NKX3-1,HepG2,NKX3-1_HepG2,0.514624569873726,0.999898044386387,73,54,1
NR2C1,K562,NR2C1_K562,0.794533126273824,1,2244,3970,1
NR2C2,HepG2,NR2C2_HepG2,0.541647042179189,1,13561,9526,1
NR2C2,K562,NR2C2_K562,0.328668077512191,1,5828,24895,1
NR2F1,HepG2,NR2F1_HepG2,1.23720940789713,7.61980210039013e-27,10308,3172,9.65994266275265e-26
NR2F1,K562,NR2F1_K562,0.866678566163711,1,5770,9358,1
NR2F2,HepG2,NR2F2_HepG2,2.0490568760943,1.25134321565736e-96,4607,856,3.51269916966673e-95
NR2F2,K562,NR2F2_K562,1.26521861144819,2.49118946082849e-12,1656,1840,2.44759364526399e-11
NR2F2,MCF-7,NR2F2_MCF-7,0.745432567398622,0.999999999999855,7317,730,1
NR3C1,HepG2,NR3C1_HepG2,0.761364422598583,0.853883806741668,32,16,1
NR3C1,K562,NR3C1_K562,0.53552063638605,0.999364404267536,32,84,1
NR4A1,K562,NR4A1_K562,1.29460416078448,1.04086432057538e-09,1048,1138,9.09021506635832e-09
NR5A1,HepG2,NR5A1_HepG2,1.82522234357494,1.63316496241451e-180,11581,2416,5.83485300208093e-179
NRF1,H1,NRF1_H1,0.111830055396941,1,3327,2201,1
NRF1,HepG2,NRF1_HepG2,0.063544081345913,1,2532,15143,1
NRF1,K562,NRF1_K562,0.0873317541399283,1,2766,44385,1
NRF1,MCF-7,NRF1_MCF-7,0.0221498727041499,1,1787,5992,1
NRL,HepG2,NRL_HepG2,0.4491740962748,1,459,389,1
ONECUT1,HepG2,ONECUT1_HepG2,1.44617980050787,4.12241991672248e-89,13157,3464,1.01256939204496e-87
ONECUT2,HepG2,ONECUT2_HepG2,1.99002590402803,1.10505499771973e-65,3314,634,1.97403006410843e-64
OVOL1,MCF-7,OVOL1_MCF-7,0.21957986732313,1,1184,401,1
PBX2,HepG2,PBX2_HepG2,2.56963126420101,1.03785901023874e-12,351,52,1.04584254108673e-11
PBX2,K562,PBX2_K562,1.39658538080125,2.75319717406902e-31,2412,2428,3.73105686003147e-30
PITX1,HepG2,PITX1_HepG2,1.08312065518768,0.0217753309017741,2481,872,0.124024710788366
PKNOX1,K562,PKNOX1_K562,0.888940320151576,0.99999999999895,5760,9108,1
PKNOX1,MCF-7,PKNOX1_MCF-7,0.436176991902218,1,16304,2779,1
POU5F1,H1,POU5F1_H1,8.44714571425223,5.18878653079741e-68,3418,30,9.71044336477801e-67
PPARG,HepG2,PPARG_HepG2,1.31255618424748,9.39326591362886e-19,4420,1282,1.08575103060475e-17
PRDM4,HepG2,PRDM4_HepG2,0.152755462334314,1,63,157,1
RARA,HepG2,RARA_HepG2,2.01844957157083,1.15850003400765e-244,12234,2308,5.69113141706258e-243
RBPJ,HepG2,RBPJ_HepG2,0.508551381947302,1,2624,1964,1
RBPJ,K562,RBPJ_K562,1.34593193320968,0.00814509449084087,135,141,0.0500159708578197
RELA,HepG2,RELA_HepG2,0.44976850457527,1,742,628,1
RELA,K562,RELA_K562,0.882032966387046,0.956593560800262,288,459,1
REST,H1,REST_H1,0.660619879148492,1,4760,534,1
REST,HepG2,REST_HepG2,0.395545420752163,1,2596,2498,1
REST,K562,REST_K562,0.246860311458551,1,3399,19334,1
REST,MCF-7,REST_MCF-7,0.273267042089717,1,5329,1450,1
RFX1,HepG2,RFX1_HepG2,0.340292304237861,1,1755,1963,1
RFX1,K562,RFX1_K562,0.634208139187485,1,3040,6737,1
RFX1,MCF-7,RFX1_MCF-7,0.541653302242112,1,17090,2346,1
RFX3,HepG2,RFX3_HepG2,0.291431871024465,1,1804,2356,1
RFX5,H1,RFX5_H1,0.452139307270957,0.99999999993441,549,90,1
RFX5,HepG2,RFX5_HepG2,0.230059553366681,1,660,1092,1
RFX5,K562,RFX5_K562,0.333369848682246,1,120,506,1
RFX5,MCF-7,RFX5_MCF-7,0.208136616532301,1,2088,746,1
RFX7,K562,RFX7_K562,1.87433009376209,0.0301292004864152,24,18,0.166771490016355
RORA,HepG2,RORA_HepG2,2.45813559718684,3.20583452952601e-08,226,35,2.4703783727524e-07
RREB1,HepG2,RREB1_HepG2,0.85735346395192,0.999999999999631,7187,3191,1
RREB1,K562,RREB1_K562,0.587422935633987,1,2055,4917,1
RUNX1,K562,RUNX1_K562,1.36069063017576,8.72445669176952e-07,483,499,6.59367592281812e-06
RXRB,HepG2,RXRB_HepG2,1.37229333971456,1.4493832496096e-42,8074,2240,2.37336507123572e-41
SIX1,HepG2,SIX1_HepG2,0.706678275743998,0.999999999971155,1047,564,1
SMAD3,HepG2,SMAD3_HepG2,1.05919403410371,0.275998389609073,473,170,1
SMAD3,K562,SMAD3_K562,0.697062111515439,0.991781919467501,60,121,1
SMAD5,K562,SMAD5_K562,0.318274151502406,1,108,477,1
SNAI1,HepG2,SNAI1_HepG2,0.51110288556782,1,1626,1211,1
SOX13,HepG2,SOX13_HepG2,1.82148012627995,2.06995083270409e-89,5698,1191,5.42327118168472e-88
SOX18,HepG2,SOX18_HepG2,0.376496500020123,0.999999999968614,90,91,1
SP1,H1,SP1_H1,0.316769054883542,1,13975,3263,1
SP1,HepG2,SP1_HepG2,0.071444634300573,1,3397,18064,1
SP1,K562,SP1_K562,0.0648660250782643,1,1624,35106,1
SP1,MCF-7,SP1_MCF-7,0.0345227868703065,1,455,980,1
SP2,H1,SP2_H1,0.129115181189659,1,1159,665,1
SP2,HepG2,SP2_HepG2,0.0559868608576577,1,2225,15103,1
SP2,K562,SP2_K562,0.0670282163180262,1,230,4822,1
SP4,H1,SP4_H1,0.113706863836201,1,6244,4056,1
SPDEF,MCF-7,SPDEF_MCF-7,0.198473757358324,1,2250,843,1
SPI1,K562,SPI1_K562,0.817989115740167,1,8371,14383,1
SREBF1,K562,SREBF1_K562,0.454044931675161,1,125,387,1
SREBF1,MCF-7,SREBF1_MCF-7,0.518040077412844,1,3462,497,1
SREBF2,K562,SREBF2_K562,0.575076621551712,0.995428921742408,27,66,1
SRF,H1,SRF_H1,1.89969792831981,1.17508827359758e-09,1922,75,1.00393411200837e-08
SRF,HepG2,SRF_HepG2,0.84084377365553,0.999986570145066,1904,862,1
SRF,K562,SRF_K562,1.26207587303931,2.58224968897571e-11,1528,1702,2.47518079943281e-10
SRF,MCF-7,SRF_MCF-7,0.518146622683163,1,3616,519,1
TBX18,K562,TBX18_K562,1.24746696135541,0.00197135845511528,331,373,0.0124958689171017
TBX2,HepG2,TBX2_HepG2,1.13292938561616,4.79909479523409e-05,3842,1291,0.000336793616879821
TBX3,HepG2,TBX3_HepG2,0.787815813694508,0.999980079368674,923,446,1
TCF3,HepG2,TCF3_HepG2,0.147847525374327,1,362,932,1
TCF3,K562,TCF3_K562,0.597025416142727,1,1589,3741,1
TCF7,HepG2,TCF7_HepG2,3.19844046651694,7.18871378608956e-299,7056,840,4.03594931133314e-297
TCF7,K562,TCF7_K562,1.1112663565204,0.0616029106832901,400,506,0.336249220812958
TCF7L2,HepG2,TCF7L2_HepG2,2.6639993690477,0,14291,2043,0
TCF7L2,K562,TCF7L2_K562,0.996124470744371,0.534112209556742,214,302,1
TCF7L2,MCF-7,TCF7L2_MCF-7,1.08950604973096,0.0226271640965167,8555,584,0.127035364141872
TEAD1,HepG2,TEAD1_HepG2,0.758887771478925,1,6956,3489,1
TEAD1,K562,TEAD1_K562,0.847533540578718,0.99967025154674,662,1098,1
TEAD2,HepG2,TEAD2_HepG2,0.333678078631671,1,213,243,1
TEAD2,K562,TEAD2_K562,0.460149233922885,1,383,1170,1
TEAD4,H1,TEAD4_H1,1.82019674696695,6.9517821186543e-38,9721,396,1.09282014905246e-36
TEAD4,HepG2,TEAD4_HepG2,0.785569501488333,1,5764,2793,1
TEAD4,K562,TEAD4_K562,0.904192709164253,0.999302212409907,1628,2531,1
TEAD4,MCF-7,TEAD4_MCF-7,0.733535653489651,0.999999914818587,3314,336,1
TEF,HepG2,TEF_HepG2,0.673113424553127,1,1358,768,1
TFAP4,HepG2,TFAP4_HepG2,1.22245564311534,3.90998833373641e-35,15322,4772,5.69120524132744e-34
TFCP2,K562,TFCP2_K562,0.381989502450672,1,100,368,1
TFDP1,HepG2,TFDP1_HepG2,0.0764080543761073,1,1147,5711,1
TFDP1,K562,TFDP1_K562,0.0840794588944294,1,933,15582,1
TFE3,HepG2,TFE3_HepG2,0.327073599479199,1,1154,1343,1
TFE3,K562,TFE3_K562,0.715142729698791,1,1423,2797,1
TGIF2,HepG2,TGIF2_HepG2,0.556924347684421,1,1425,974,1
THAP1,K562,THAP1_K562,0.0725498289763956,1,48,930,1
THAP11,HepG2,THAP11_HepG2,0.263741475699759,1,5638,8132,1
THRB,HepG2,THRB_HepG2,1.12652089285937,0.000299469700624919,3261,1102,0.00196152653909322
TP53,HepG2,TP53_HepG2,0.73029906908536,0.99999999999933,1529,797,1
USF1,H1,USF1_H1,0.662109842564192,1,8551,957,1
USF1,HepG2,USF1_HepG2,0.730854484481635,1,12280,6395,1
USF1,K562,USF1_K562,0.725360389637502,1,4219,8175,1
USF2,H1,USF2_H1,0.420628808662793,1,3440,606,1
USF2,HepG2,USF2_HepG2,0.447774247226201,1,4412,3750,1
USF2,K562,USF2_K562,0.751882304775073,1,5477,10238,1
VEZF1,K562,VEZF1_K562,0.230503956342392,1,3923,23891,1
XBP1,HepG2,XBP1_HepG2,0.0923269886766886,1,65,268,1
YY1,H1,YY1_H1,0.36784199745068,1,5055,1018,1
YY1,HepG2,YY1_HepG2,0.125728133455911,1,890,2694,1
YY1,K562,YY1_K562,0.251831916579461,1,825,4604,1
ZBED1,K562,ZBED1_K562,0.117143016203966,1,26,312,1
ZBTB12,K562,ZBTB12_K562,0.478016822825513,0.999999999999998,135,397,1
ZBTB14,HepG2,ZBTB14_HepG2,0.0536845239575437,1,1639,11607,1
ZBTB26,HepG2,ZBTB26_HepG2,0.826249130621524,0.99999999967569,3386,1560,1
ZBTB33,HepG2,ZBTB33_HepG2,0.143193376486975,1,1384,3678,1
ZBTB33,K562,ZBTB33_K562,0.201338393548282,1,606,4230,1
ZBTB33,MCF-7,ZBTB33_MCF-7,0.176822998506072,1,233,98,1
ZBTB7A,HepG2,ZBTB7A_HepG2,0.217530654275005,1,963,1685,1
ZBTB7A,K562,ZBTB7A_K562,0.128821851263224,1,994,10839,1
ZBTB7B,HepG2,ZBTB7B_HepG2,0.445632030078769,1,3324,2839,1
ZBTB7B,MCF-7,ZBTB7B_MCF-7,0.115700697931041,1,669,430,1
ZEB1,HepG2,ZEB1_HepG2,0.972056826511261,0.80467921894003,3128,1225,1
ZKSCAN1,HepG2,ZKSCAN1_HepG2,1.00694107521071,0.460882602350778,1267,479,1
ZKSCAN1,K562,ZKSCAN1_K562,0.757820110758272,0.999999981236129,586,1087,1
ZKSCAN1,MCF-7,ZKSCAN1_MCF-7,0.52219010542856,0.999999982288709,660,94,1
ZKSCAN5,HepG2,ZKSCAN5_HepG2,0.838965619365395,0.999999995454861,3491,1584,1
ZNF143,H1,ZNF143_H1,0.199075126206127,1,2400,893,1
ZNF143,HepG2,ZNF143_HepG2,0.226608039579159,1,1800,3023,1
ZNF143,K562,ZNF143_K562,0.191881326735415,1,642,4702,1
ZNF148,K562,ZNF148_K562,0.183459046452449,1,9217,70314,1
ZNF24,HepG2,ZNF24_HepG2,0.767292347743875,1,4622,2293,1
ZNF24,K562,ZNF24_K562,0.969811519268671,0.987209275612229,8904,12906,1
ZNF24,MCF-7,ZNF24_MCF-7,0.209996785208572,1,11017,3899,1
ZNF263,HepG2,ZNF263_HepG2,0.394984827683854,1,15358,14786,1
ZNF263,K562,ZNF263_K562,0.236218093083548,1,1168,6948,1
ZNF274,HepG2,ZNF274_HepG2,0.401322633730519,1,971,921,1
ZNF274,K562,ZNF274_K562,2.13919568963427,6.57590959917277e-09,140,92,5.38402598432271e-08
ZNF282,K562,ZNF282_K562,0.514758428787343,1,416,1136,1
ZNF317,HepG2,ZNF317_HepG2,1.10129894503794,0.00257262109444582,3269,1130,0.0160482553986858
ZNF384,HepG2,ZNF384_HepG2,0.680020809308367,1,69762,38995,1
ZNF384,K562,ZNF384_K562,0.646143206508323,1,30873,67045,1
ZNF460,HepG2,ZNF460_HepG2,0.974028064709974,0.979277411071514,21314,8330,1
ZNF652,HepG2,ZNF652_HepG2,0.993326756973695,0.584498865887629,3019,1157,1
ZNF740,HepG2,ZNF740_HepG2,0.237687035393366,1,9766,15619,1
ZNF740,K562,ZNF740_K562,0.176528982884364,1,5975,47438,1
ZSCAN29,HepG2,ZSCAN29_HepG2,0.446822781581514,1,932,794,1
ZSCAN29,K562,ZSCAN29_K562,0.512202116535893,1,489,1342,1
